{"cameraMode":{"drawMode":0,"name":"Shaded","section":"Shading Mode"},"sceneLighting":false,"audioPlay":false,"sceneViewState":{"m_AlwaysRefresh":false,"showFog":true,"showSkybox":false,"showFlares":true,"showImageEffects":true,"showParticleSystems":true,"showVisualEffectGraphs":true,"m_FxEnabled":true},"in2DMode":false,"pivot":{"x":1.0107532739639283,"y":0.9405103921890259,"z":-0.2384859025478363},"rotation":{"x":-0.06475460529327393,"y":-0.01736552268266678,"z":0.0011272495612502099,"w":-0.9977505803108215},"size":1.2083086967468262,"orthographic":false}