{"cameraMode":{"drawMode":0,"name":"Shaded","section":"Shading Mode"},"sceneLighting":false,"audioPlay":false,"sceneViewState":{"m_AlwaysRefresh":false,"showFog":true,"showSkybox":false,"showFlares":true,"showImageEffects":true,"showParticleSystems":true,"showVisualEffectGraphs":true,"m_FxEnabled":true},"in2DMode":false,"pivot":{"x":-5.9996418952941898,"y":0.22403587400913239,"z":0.20184943079948426},"rotation":{"x":-0.06475460529327393,"y":-0.01736552268266678,"z":0.0011272495612502099,"w":-0.9977505803108215},"size":0.23658522963523866,"orthographic":false}